{
  "label_aps": {
    "car": {
      "0.5": 0.7566581853321518,
      "1.0": 0.8533077410646579,
      "2.0": 0.8856598341047316,
      "4.0": 0.8978817366952129
    },
    "truck": {
      "0.5": 0.4267726516549171,
      "1.0": 0.6231224500245359,
      "2.0": 0.7049166156594789,
      "4.0": 0.7368287031012533
    },
    "bus": {
      "0.5": 0.40924909244268226,
      "1.0": 0.6963350883087458,
      "2.0": 0.7741782764001355,
      "4.0": 0.7900566566478557
    },
    "trailer": {
      "0.5": 0.16186581857448065,
      "1.0": 0.3847120753802892,
      "2.0": 0.5253100518038106,
      "4.0": 0.5610935991341564
    },
    "construction_vehicle": {
      "0.5": 0.052887680736033386,
      "1.0": 0.10895752376215516,
      "2.0": 0.3268760711535977,
      "4.0": 0.35482058524835397
    },
    "pedestrian": {
      "0.5": 0.8741913056925278,
      "1.0": 0.8789126500501182,
      "2.0": 0.8809532285123033,
      "4.0": 0.8903433630893003
    },
    "motorcycle": {
      "0.5": 0.5688211391652406,
      "1.0": 0.6383306379072603,
      "2.0": 0.6646281934001647,
      "4.0": 0.6755817373634633
    },
    "bicycle": {
      "0.5": 0.4209971038022946,
      "1.0": 0.46054656240770253,
      "2.0": 0.46911974520657673,
      "4.0": 0.470937202352563
    },
    "traffic_cone": {
      "0.5": 0.759731693492768,
      "1.0": 0.7732733097163634,
      "2.0": 0.7913815256070162,
      "4.0": 0.8162708281344817
    },
    "barrier": {
      "0.5": 0.5513213326522475,
      "1.0": 0.7132496879657346,
      "2.0": 0.7741062740014305,
      "4.0": 0.7959632405939936
    }
  },
  "mean_dist_aps": {
    "car": 0.8483768742991885,
    "truck": 0.6229101051100463,
    "bus": 0.6674547784498548,
    "trailer": 0.40824538622318424,
    "construction_vehicle": 0.21088546522503504,
    "pedestrian": 0.8811001368360625,
    "motorcycle": 0.6368404269590322,
    "bicycle": 0.45540015344228424,
    "traffic_cone": 0.7851643392376574,
    "barrier": 0.7086601338033516
  },
  "mean_ap": 0.6225037799585696,
  "label_tp_errors": {
    "car": {
      "trans_err": 0.18379057203092777,
      "scale_err": 0.15479650659571484,
      "orient_err": 0.13044352425174802,
      "vel_err": 0.25893414527959036,
      "attr_err": 0.15078941319727843
    },
    "truck": {
      "trans_err": 0.3178807413155022,
      "scale_err": 0.18027181167405956,
      "orient_err": 0.052559741537482,
      "vel_err": 0.2751638518646135,
      "attr_err": 0.18098833217331675
    },
    "bus": {
      "trans_err": 0.34098468287193956,
      "scale_err": 0.1572765602224531,
      "orient_err": 0.18551289073351906,
      "vel_err": 0.42716516584504427,
      "attr_err": 0.23682721680731858
    },
    "trailer": {
      "trans_err": 0.4973390818000684,
      "scale_err": 0.20277164464856523,
      "orient_err": 0.984643764329719,
      "vel_err": 0.3393136025324395,
      "attr_err": 0.1072912591487886
    },
    "construction_vehicle": {
      "trans_err": 0.8312856203684034,
      "scale_err": 0.4492486031903752,
      "orient_err": 0.8165460784812202,
      "vel_err": 0.0630015182407219,
      "attr_err": 0.32561976626021255
    },
    "pedestrian": {
      "trans_err": 0.12054406972845168,
      "scale_err": 0.27865704741558145,
      "orient_err": 0.28643784966245156,
      "vel_err": 0.20922780477465897,
      "attr_err": 0.09760177789931869
    },
    "motorcycle": {
      "trans_err": 0.24174454065946974,
      "scale_err": 0.24450913600629748,
      "orient_err": 0.19327600316162719,
      "vel_err": 0.540931050898602,
      "attr_err": 0.046461141512967506
    },
    "bicycle": {
      "trans_err": 0.17756402150884137,
      "scale_err": 0.24276447265979217,
      "orient_err": 0.18936122785858275,
      "vel_err": 0.24113383497962543,
      "attr_err": 0.021914455936248894
    },
    "traffic_cone": {
      "trans_err": 0.11565206249547565,
      "scale_err": 0.2781731367220778,
      "orient_err": NaN,
      "vel_err": NaN,
      "attr_err": NaN
    },
    "barrier": {
      "trans_err": 0.2639625302539222,
      "scale_err": 0.2657497839904752,
      "orient_err": 0.10073597993715391,
      "vel_err": NaN,
      "attr_err": NaN
    }
  },
  "tp_errors": {
    "trans_err": 0.30907479230330026,
    "scale_err": 0.2454218703125392,
    "orient_err": 0.32661300666150045,
    "vel_err": 0.294358871801912,
    "attr_err": 0.14593667036693125
  },
  "tp_scores": {
    "trans_err": 0.6909252076966997,
    "scale_err": 0.7545781296874607,
    "orient_err": 0.6733869933384995,
    "vel_err": 0.705641128198088,
    "attr_err": 0.8540633296330687
  },
  "nd_score": 0.6791113688346666,
  "eval_time": 21.49806308746338,
  "cfg": {
    "class_range": {
      "car": 50,
      "truck": 50,
      "bus": 50,
      "trailer": 50,
      "construction_vehicle": 50,
      "pedestrian": 40,
      "motorcycle": 40,
      "bicycle": 40,
      "traffic_cone": 30,
      "barrier": 30
    },
    "dist_fcn": "center_distance",
    "dist_ths": [
      0.5,
      1.0,
      2.0,
      4.0
    ],
    "dist_th_tp": 2.0,
    "min_recall": 0.1,
    "min_precision": 0.1,
    "max_boxes_per_sample": 500,
    "mean_ap_weight": 5
  },
  "meta": {
    "use_camera": false,
    "use_lidar": true,
    "use_radar": false,
    "use_map": false,
    "use_external": false
  }
}